{
  "0": 3.8530640602111816,
  "1": 4.464796781539917,
  "2": 9.749979496002197,
  "frame": 49
}