{
  "0": 12.861530542373657,
  "1": 16.661628484725952,
  "2": 30.942593097686768,
  "frame": 180
}