{
  "0": 6.840554714202881,
  "1": 7.494934320449829,
  "2": 16.084783792495728,
  "frame": 85
}