{
  "0": 4.757387161254883,
  "1": 6.23189115524292,
  "2": 11.948436737060547,
  "frame": 67
}