{
  "0": 7.9613611698150635,
  "1": 8.73610258102417,
  "2": 17.156076669692993,
  "frame": 100
}