{
  "0": 0.9502418041229248,
  "1": 0.7703516483306885,
  "2": 0.5793640613555908,
  "frame": -1730252192.384129
}