{
  "0": 6.6113996505737305,
  "1": 7.772293567657471,
  "2": 16.059403657913208,
  "frame": 91
}