{
  "0": 17.193835258483887,
  "1": 17.452741861343384,
  "2": 42.25988149642944,
  "frame": 218
}